0001,COLBY JACK CUBES,STORE BRAND,2024-01-23
0044,OLIVES FRESCATRANOS PITTED,DIVINA,2024-01-08
0064,OLIVES GREEK BLACK PITTED,DIVINA,2024-01-08
0078,OLIVES CASTELVETRANO BIG PACK,DIVINA,2024-01-08
0113,CAPRICHO WITH ROSEMARY,MITICA,2024-01-08
0124,HUMBOLDT FOG,CYPRESS GROVE,2024-01-08
0134,BRIE DE PARIS,LACTALIS,2024-01-08
0137,TRIPLE CREAM,ST ANDRE,2024-01-08
0140,LA TUR,ALTA LANGA,2024-01-08
0143,BRIE FROMAGER D AFFINOIS,FROMAGER D AFFINOIS,2024-01-08
0160,DELICE DE BOURGOGNE,LINCET,2024-01-08
0168,CANA DE CABRA,MITICA,2024-01-08
0171,BLUE CAMBOZOLA,CHAMPIGNON,2024-01-08
0180,CAPRICHO DE CABRA,MITICA,2024-01-08
0183,BRIE SAINT ANGEL,FROMAGER D AFFINOIS,2024-01-08
0206,TRUFFLE TREMOR,CYPRESS GROVE,2024-01-08
0210,BRIE LE PETIT,LACTALIS,2024-01-08
0212,CAPRICHO DE CABRA WITH HERBS,MITICA,2024-01-08
0218,CAPRICHO DE CABRA W/ PIMENTON,MITICA,2024-01-08
0220,BRIE METROPOLITAN,OLD EUROPE,2024-01-08
0040,OLIVES OLYMPIA PROVISIONS MIX,DIVINA,2024-01-09
0042,SALAD CALABRIAN,DIVINA,2024-01-09
0062,TOMATOES ROASTED MEDIUM,DIVINA,2024-01-09
0063,OLIVES CASTELVETRANO PITTED DIVINA,DIVINA,2024-01-09
0229,PITTED OLIVES WITH FETA AND OIL,APETINA,2024-01-09
0005,DOLMAS SPICY,DIVINA,2024-01-16
0015,CAULIFLOWER CURRIED PICKLED,DIVINA,2024-01-16
0056,DOLMAS SUNFLOWER,DIVINA,2024-01-16
0065,TAPENADE CHOPPED OLIVE,DIVINA,2024-01-16
0071,ARTICHOKE HEARTS BABY IN OIL,DIVINA,2024-01-16
0085,GREEN BEANS PICKLED SPICY,DIVINA,2024-01-16
0109,PESTO GENOVESE,IL FORTETO,2024-01-16
0119,OLIVES READY TO ROAST MIX,DIVINA,2024-01-16
0222,DOMAS PROMO,DIVINA,2024-01-16
0223,OLIVES MIXED GREEK PITTED PROMO,DIVINA,2024-01-16
0227,ROASTED GARLIC CLOVES,DIVINA,2024-01-16
0002,OLIVES MT ATHOS W GARLIC,DIVINA,2024-01-23
0003,ARTICHOKE PIQUILLO PEPPERS,DIVINA,2024-01-23
0004,OLIVES SPICY GREEK GARDEN MDLY DIVINA,DIVINA,2024-01-23
0007,PICKLED CARROT STICKS CHIPOTLE,DIVINA,2024-01-23
0008,PEPPERS PEPPADEWS GOLDEN,DIVINA,2024-01-23
0009,OLIVES GRILLED,DIVINA,2024-01-23
0010,OVELHA AMANTEIGADO RAW,MITICA,2024-01-23
0017,BLUE ROGUE RIVER PASTEURIZED OG,ROGUE CREAMERY,2024-01-23
0018,BRUSSEL SPROUTS PICKLED SPICY,DIVINA,2024-01-23
0021,MUSHROOMS MIX WILD,DIVINA,2024-01-23
0022,BLUE OREGON OG,ROGUE CREAMERY,2024-01-23
0023,1924 BLEU,HERVE MONS,2024-01-23
0025,RICOTTA SALATA,LOCATELLI,2024-01-23
0028,FONTINA FONTAL,SEPERTINO,2024-01-23
0029,GOUDA ORIGINALE,KAASAGGIO,2024-01-23
0030,GOUDA ROBUSTO,KAASAGGIO,2024-01-23
0036,PEPPERS ROASTED RED,DIVINA,2024-01-23
0037,ARTICHOKE QUARTERS HERBS,DIVINA,2024-01-23
0038,OLIVES MT ATHOS GREEN GARLIC STUFFED,DIVINA,2024-01-23
0039,SPNF WHILE STILTON WITH BLUEBERRIES,LONG CLAWSON,2024-01-23
0041,HEARTS OF PALM TURMERIC SPICED,DIVINA,2024-01-23
0047,BLUE ENRAPTURED ROUGE OG,ROGUE CREAMERY,2024-01-23
0051,ARTICHOKE MARINATED QUARTERS AJI CHILES,DIVINA,2024-01-23
0053,SALAD MEDITERRANEAN POWER,DIVINA,2024-01-23
0054,OLIVES MARINATED SICILIAN HERB PITTED,DIVINA,2024-01-23
0055,BEANS GIGANDE VINAIGRETTE,DIVINA,2024-01-23
0057,OLIVES MT ATHOS PITTED,DIVINA,2024-01-23
0058,OLIVES PITTED MARINATED TANGERINE CHILI,DIVINA,2024-01-23
0059,OLIVES GIARRAFFA SPICY CRACKED,DIVINA,2024-01-23
0060,GOUDA 3 CHILI PEPPER CUBES,ROTH,2024-01-23
0066,PEPPERS PERUVIAN,DIVINA,2024-01-23
0069,SPREAD KALAMATA OLIVE,DIVINA,2024-01-23
0070,OLIVES STUFFED FETA,DIVINA,2024-01-23
0072,OLIVES STUFFED JALAPENO PERU,DIVINA,2024-01-23
0073,OLIVES SUNDRIED TOMATOES STUFFED,DIVINA,2024-01-23
0074,PEPPERS LOMBARDO GARLIC,DIVINA,2024-01-23
0075,OLIVES MT ATHOS RED PEPPER STUFFED BIG PACK,DIVINA,2024-01-23
0076,OLIVES MT ATHOS ALMOND STUFFED,DIVINA,2024-01-23
0077,CAPERBERRIES,DIVINA,2024-01-23
0079,OLIVES KALAMATA PITTED BIG PACK,DIVINA,2024-01-23
0080,OLIVES MT ATHOS PITTED CHILIS,DIVINA,2024-01-23
0081,GARLIC CLOVES MARINATED,DIVINA,2024-01-23
0082,SPREAD MUFFALETTA SALAD,DIVINA,2024-01-23
0083,OKRA PICKLED HOT CRUNCHY,DIVINA,2024-01-23
0084,OLIVES MEZE MIX,DIVINA,2024-01-23
0086,CAPERS NON PAREIL,DIVINA,2024-01-23
0087,TOMATO PICKLES GREEN ESSIES,DIVINA,2024-01-23
0088,CHEDDAR KILAREE CUBES,KERRYGOLD,2024-01-23
0092,CHEDDAR WHITE CATAMOUNT CABOT,CABOT,2024-01-23
0094,CURDS YELLOW,HENNINGS,2024-01-23
0096,PARMESAN SHAVED,BELGIOIOSO,2024-01-23
0097,BELLAVITANO RUM RUNNER QUARTER,SARTORI CHEESE,2024-01-23
0098,ALPHA TOLMAN CELLARS RAW,JASPER HILL FARM,2024-01-23
0099,OLIVES DOLCE MIX,DIVINA,2024-01-23
0100,BEETS MARINATED,DIVINA,2024-01-23
0103,GOUDA 3 CHILI PEPPER,ROTH,2024-01-23
0110,CHEDDAR SEASIDE SMOKED,ASHLEY CHASE ESTATE,2024-01-23
0111,CORNICHONS,DIVINA,2024-01-23
0112,BLUE ROQUEFORT REVELATION RAW,FROMAGERIES PAPILLON,2024-01-23
0115,OLIVES SALAD MIX PITTED,DIVINA,2024-01-23
0120,NEGRONI BLUE CHEESE,MITICA,2024-01-23
0130,COLSTON BASSETT STILTON VEG RENNET,NEALS YARD,2024-01-23
0131,BLUE GORGONZOLA DOLCE,IGOR,2024-01-23
0133,EMMENTALER CAVE AGED KALTBACH RAW,EMMI,2024-01-23
0135,BLUE ORIGINAL RAW,POINT REYES FARMSTEAD,2024-01-23
0136,PORT SALUT,SAFR,2024-01-23
0139,BLUE SAINT AGUR,SAINT AGUR,2024-01-23
0141,PARMESAN SHRED,BELGIOIOSO,2024-01-23
0146,TALEGGIO,CA DE AMBROS,2024-01-23
0148,BLUE GORGONZOLA PICCANTE,IGOR,2024-01-23
0154,PARMIGIANO REGGIANO GRATED RAW,MITICA,2024-01-23
0155,BLUE DANISH,ROSENBORG,2024-01-23
0156,BLUE BUTTERMILK RAW,ROTH,2024-01-23
0166,PARMIGIANO REGGIANO RINDS RAW,MITICA,2024-01-23
0170,PECORINO ROMANO SHRED,FULVI,2024-01-23
0172,BLUE D AUVERGNE RAW PDO,LIVRADOIS,2024-01-23
0177,BLUE AMISH,SALEMVILLE,2024-01-23
0179,JARLSBERG,NORSELAND,2024-01-23
0182,CHEDDAR SMOKED,CARR VALLEY,2024-01-23
0192,BLUE BAYLEY HAZEN RAW,JASPER HILL FARM,2024-01-23
0193,OLIVES STUFFED BLUE CHEESE,DIVINA,2024-01-23
0199,OLIVES KALAMATA WITH PIT,DIVINA,2024-01-23
0200,OLIVES CERIGNOLA GREEN MFG DISCO,DIVINA,2024-01-23
0201,OLIVES GREEK OLIVE MIX,DIVINA,2024-01-23
0202,OLIVES GREEK OLIVE MIX PITTED,DIVINA,2024-01-23
0203,PEPPERS RED PEPPADEW,DIVINA,2024-01-23
0205,CHEDDAR CUBE,ARTHUR SCHUMAN,2024-01-23
0207,CHEDDAR SEASIDE,ASHLEY CHASE ESTATE,2024-01-23
0209,PARMIGIANO REGGIANO 24 MONTH RAW,MITICA,2024-01-23
0213,COLBY CUBES,ARTHUR SCHUMAN,2024-01-23
0214,MUSHROOMS GARLIC HERB,DIVINA,2024-01-23
0215,QUADRELLO DI BUFALA,MITICA,2024-01-23
0219,LANDAFF,NEALS YARD,2024-01-23
0221,GARLIC ROASTED,DIVINA,2024-01-23
0226,CHEESE MT TAM TRIPLE CREAM OG,COWGIRL CREAMERY,2024-01-23
0228,LE MARECHAL,EMMI,2024-01-23
0012,HORSERADISH WHEEL,YANCEYS FANCY,2024-01-30
0013,JALAPENO CAYENNE WHEEL,YANCEYS FANCY,2024-01-30
0014,CHEDDAR W PEPPER WHEEL,YANCEYS FANCY,2024-01-30
0019,BELLAVITANO HERBS DE PROVENCE,SARTORI CHEESE,2024-01-30
0093,STILTON WITH MANGO GINGER,LONG CLAWSON,2024-01-30
0104,PROVOLONE,STORE BRAND,2024-01-30
0105,CHEDDAR MILD,STORE BRAND,2024-01-30
0106,COLBY JACK,STORE BRAND,2024-01-30
0107,PEPPER JACK,STORE BRAND,2024-01-30
0108,PAVINO,ROTH,2024-01-30
0121,BELLAVITANO MERLOT,SARTORI CHEESE,2024-01-30
0211,MANCHEGO 3 MONTH,CORCUERA,2024-01-30
0006,PECORINO CAMOMILLA,MITICA,2024-02-01
0020,GOUDA CREAMY RED WAX,SPRING KOE,2024-02-01
0024,COOPERS HILL,SOMERDALE,2024-02-01
0026,GOUDA 36 MONTH,CLARINA,2024-02-01
0027,GOUDA 18 MONTH,CLARINA,2024-02-01
0031,GOUDA TRUFFLE RAW,KLARE MELK,2024-02-01
0032,GOUDA DOUBLE CREAM,SPRING KOE,2024-02-01
0033,CHEDDAR THE RATTLESNAKE,ARTISAN CHEESE EXCHANGE,2024-02-01
0034,GOUDA GOAT,SPRING KOE,2024-02-01
0035,CREMEUX KALTBACH,EMMI,2024-02-01
0043,ALISIOS,MITICA,2024-02-01
0045,TOMA TRUFFLE,POINT REYES FARMSTEAD,2024-02-01
0046,COMTE 15 MONTH RAW,JEAN CHARLES ARNAUD,2024-02-01
0048,HIKA BAY,SAXON HOMESTEAD CREAMERY,2024-02-01
0061,SMOKIN GOAT,MITICA,2024-02-01
0067,CHEDDAR WHITE BLACK CREEK 3 YEAR,BLACK CREEK,2024-02-01
0090,JACK MISSION PLAIN RUMIANO,RUMIANO,2024-02-01
0091,JACK MISSION SICILIAN,RUMIANO,2024-02-01
0095,LANCASHIRE KIRKHAMS RAW,NEALS YARD,2024-02-01
0101,FONTINA CARR VALLEY,CARR VALLEY,2024-02-01
0114,CHEDDAR SWEET RED,BARBERS,2024-02-01
0116,UBRIACO PROSECCO,MITICA,2024-02-01
0117,HOP ALONG OG,COWGIRL CREAMERY,2024-02-01
0118,GOUDA YOUNGSTERS SMOKED,ARTIKAAS,2024-02-01
0122,CHEDDAR BARBERS 1833,BARBERS,2024-02-01
0123,ORO ITALIANO,MITICA,2024-02-01
0125,EMMENTALER SINGLE SOURCE RAW,EMMI,2024-02-01
0126,MANCHEGO 12 MONTH,EL TRIGAL,2024-02-01
0127,CAMPO DE MONTALBAN,MITICA,2024-02-01
0128,MANCHEGO 6 MONTH,EL TRIGAL,2024-02-01
0129,GRUYERE CAVE AGED KALTBACH RAW,EMMI,2024-02-01
0132,PARMESAN SARVECCHIO QUARTER,SARTORI CHEESE,2024-02-01
0138,WENSLEYDALE CRANBERRY,SOMERDALE,2024-02-01
0142,CORDOBES,MITICA,2024-02-01
0144,OSSAU IRATY 8 - 12 MONTH,AGOUR,2024-02-01
0145,PIAVE VECCHIO AGED 12 MONTHS,AGRIFORM,2024-02-01
0147,PETIT BASQUE,ISTARA,2024-02-01
0149,PECORINO ROMANO ORIGINAL FULVI,FULVI,2024-02-01
0150,JARLSBERG LOAF,NORSELAND,2024-02-01
0151,MOZZARELLA LOAF WHOLE MILK GRANDE,IL GIARDINO,2024-02-01
0152,SOTTOCENERE AL TARTUFO,MITICA,2024-02-01
0153,JARLSBERG LITE LOAF,NORSELAND,2024-02-01
0157,FONTINA VAL D AOSTA RAW,MITICA,2024-02-01
0158,MAHON,MITICA,2024-02-01
0159,CHEDDAR FARMHOUSE KEENS RAW,NEALS YARD,2024-02-01
0161,MIDNIGHT MOON,CYPRESS GROVE,2024-02-01
0162,ASIAGO FRESCO,MITICA,2024-02-01
0163,CHEDDAR EXTRA SHARP,TILLAMOOK,2024-02-01
0164,DRUNKEN GOAT,MITICA,2024-02-01
0165,PETIT AGOUR,AGOUR,2024-02-01
0167,MANOURI,KRINOS,2024-02-01
0169,CHEDDAR PORTER,CAHILL,2024-02-01
0173,PECORINO TOSCANO,MITICA,2024-02-01
0174,MIMOLETTE 12 MONTH,ISIGNY STE MERE,2024-02-01
0175,MOZZARELLA SMOKED,IL GIARDINO,2024-02-01
0176,Lincolnshire Poacher,NEALS YARD,2024-02-01
0178,LAMB CHOPPER,CYPRESS GROVE,2024-02-01
0181,RED DRAGON,SOMERDALE,2024-02-01
0184,GRAN QUESO,ROTH,2024-02-01
0185,PROVOLONE SMOKED MEZZALUNA,MEZZALUNA,2024-02-01
0186,TOMME THOMASVILLE RAW,SWEET GRASS DAIRY,2024-02-01
0187,APPLEBYS CHESHIRE RAW,NEALS YARD,2024-02-01
0188,SWISS RACLETTE,EMMI,2024-02-01
0189,STILTON WITH LEMON,LONG CLAWSON,2024-02-01
0190,PYRENEES BREBIS,HERVE MONS,2024-02-01
0194,GABIETOU,HERVE MONS,2024-02-01
0195,PLEASANT RIDGE RESERVE RAW,UPLANDS CHEESE,2024-02-01
0196,RED LEICESTER SPARKENHOE RAW,NEALS YARD,2024-02-01
0197,CHEDDAR CABOT CLOTHBOUND,JASPER HILL FARM,2024-02-01
0198,GOUDA PEPPER,MARIEKE,2024-02-01
0208,CHEDDAR KILAREE AGED 15 MONTH,KERRYGOLD,2024-02-01
0216,CHEDDAR SMOKED GOAT,CARR VALLEY,2024-02-01
0217,MOZZARELLA LMPS DELI,STORE BRAND,2024-02-01
